{
  "id": "3504655",
  "name": "租房",
  "font_family": "iconfont",
  "css_prefix_text": "icon-",
  "description": "",
  "glyphs": [
    {
      "icon_id": "493220",
      "name": "时钟",
      "font_class": "shizhong",
      "unicode": "e787",
      "unicode_decimal": 59271
    },
    {
      "icon_id": "630083",
      "name": "下拉",
      "font_class": "xiala",
      "unicode": "e65c",
      "unicode_decimal": 58972
    },
    {
      "icon_id": "1115028",
      "name": "地图",
      "font_class": "ditu",
      "unicode": "e613",
      "unicode_decimal": 58899
    },
    {
      "icon_id": "4055804",
      "name": "房子",
      "font_class": "fangzi",
      "unicode": "e8ff",
      "unicode_decimal": 59647
    },
    {
      "icon_id": "4375431",
      "name": "房卡",
      "font_class": "fkfangqia-",
      "unicode": "e69e",
      "unicode_decimal": 59038
    },
    {
      "icon_id": "4539890",
      "name": "星星",
      "font_class": "xingxing",
      "unicode": "e617",
      "unicode_decimal": 58903
    },
    {
      "icon_id": "7874507",
      "name": "联系我们",
      "font_class": "lianxiwomen",
      "unicode": "e604",
      "unicode_decimal": 58884
    },
    {
      "icon_id": "10156391",
      "name": "个人",
      "font_class": "geren",
      "unicode": "e654",
      "unicode_decimal": 58964
    },
    {
      "icon_id": "12387155",
      "name": "资讯",
      "font_class": "zixun",
      "unicode": "e90d",
      "unicode_decimal": 59661
    },
    {
      "icon_id": "17605487",
      "name": "查找",
      "font_class": "chazhao",
      "unicode": "e817",
      "unicode_decimal": 59415
    }
  ]
}
